,Label,chroma_stft_mean,chroma_stft_std,chroma_cqt_mean,chroma_cqt_std,chroma_cens_mean,chroma_cens_std,chroma_vqt_mean,chroma_vqt_std,melspectrogram_mean,melspectrogram_std,mfcc_mean,mfcc_std,rms_mean,rms_std,spectral_centroid_mean,spectral_centroid_std,spectral_bandwidth_mean,spectral_bandwidth_std,spectral_contrast_mean,spectral_contrast_std,spectral_flatness_mean,spectral_flatness_std,spectral_rolloff_mean,spectral_rolloff_std,poly_features_mean,poly_features_std,tonnetz_mean,tonnetz_std,zero_crossing_rate_mean,zero_crossing_rate_std

0,kick,0.93759066,0.07343292,0.30760244,0.25697428,0.20476562,0.20348063,0.34162506,0.3067612,0.12434244,1.9875824,-24.354006,148.2581,0.17465992,0.1766475,81.8578241805953,56.95701065140155,437.00102137235615,172.16953332315427,11.638343666087696,9.211035291012871,4.9332425e-06,1.9173407e-05,101.513671875,65.3279256172121,0.537474544090774,1.0655701177627503,-0.010784865858749923,0.10837342031801846,0.0009940011160714285,0.0014324100896020233

1,kick,0.8815091,0.12047021,0.3553053,0.24189286,0.23142576,0.17255566,0.3288365,0.3053539,0.06601266,1.3056641,-26.787252,150.3125,0.09343664,0.14304735,545.2897335347903,489.6609894032555,1311.0606111022805,764.7608040129338,11.257921067320938,9.571284753251923,0.001254972,0.003150274,999.755859375,1388.5330092133274,0.27048505493055475,0.6951612213676646,-0.008347497481707785,0.08614585577629622,0.007149832589285714,0.0029850102484346554

2,kick,0.90376914,0.10352266,0.34580344,0.24293153,0.22903363,0.17571831,0.3244549,0.30958283,0.076893665,1.4026382,-26.36181,150.96576,0.10311811,0.14298356,300.93948055585463,345.9244588809051,922.80035612902,625.3146898186858,11.336127900682916,9.303626021692821,0.0004820789,0.0015581246,430.6640625,875.7606830380355,0.3107954064681257,0.7806998893001664,-0.006224318939595189,0.09341667341393754,0.0028118265086206897,0.0019432298014888886

3,kick,0.8173569,0.15406738,0.40995386,0.2534928,0.22648716,0.17898855,0.38928604,0.30341485,0.1558171,2.3368485,-24.990269,145.73672,0.15252675,0.17098568,1049.9770569696555,1077.2294553050356,1844.1477989249188,1097.032243419232,11.600437014630106,9.911443588066987,0.011405394,0.030725503,2469.140625,3236.6409192958376,0.4241513022077421,0.9592949030140439,0.01695841759531108,0.04569446090570724,0.019002278645833332,0.014318465494872052

4,kick,0.6993906,0.2080229,0.43967724,0.2779999,0.24132283,0.15841913,0.46602008,0.30834195,0.0044275937,0.12432218,-36.9803,175.29846,0.018758604,0.039633606,3806.6945569955465,2586.6265679721732,2241.9790431577826,1213.419113596939,10.575094735712522,9.008993186406503,0.31268138,0.2244406,6172.8515625,4241.928948302655,0.05029057859696653,0.18637377607962244,-0.016106120184813843,0.05197092647404456,0.3617572206439394,0.24652612843212945

5,kick,0.6937306,0.1913738,0.5304077,0.32071027,0.23986782,0.16061372,0.6159508,0.28548133,0.00186445,0.054962873,-41.412975,185.01067,0.009957306,0.027732072,4903.7622706398515,1680.903535461618,2849.648750434826,715.0455891736547,10.487521324198555,9.686100736864182,0.42085126,0.16070946,8122.585227272727,2693.4207907689233,0.025350520908917793,0.13084226489859993,0.005365019221447436,0.06465243255166676,0.4793294270833333,0.15223604281143646

6,kick,0.8539313,0.16527255,0.4711051,0.28081134,0.25091377,0.14274316,0.5109005,0.26834068,0.04341504,0.87947464,-30.498432,156.2811,0.06751407,0.116428144,1938.5924639671096,2555.1063744890707,1430.241494306517,1246.575672213435,10.595602610725841,8.473105010759516,0.15775327,0.2236575,3166.033380681818,4258.820966384468,0.22043525046935053,0.6322867605386333,0.0285622428435456,0.05856059325138229,0.17740885416666666,0.2369463704496972

7,kick,0.8429839,0.17778353,0.58713716,0.30357313,0.25974464,0.12596051,0.5589545,0.29426885,0.03564519,0.82537407,-30.974085,156.81203,0.06061124,0.11348132,2082.4584256904127,2563.5969715099127,1519.9970714760916,1270.9354547931343,10.792446236278943,8.420780880383013,0.17960279,0.23951833,3453.142755681818,4327.4898219602555,0.18006436899342537,0.5809111299221208,0.010192767776510245,0.05533203771363355,0.19079959753787878,0.2378829311811831

8,kick,0.7989145,0.15927832,0.5947022,0.22650994,0.25872278,0.12804633,0.6024816,0.23438029,0.41431382,4.0435247,-18.513788,90.28209,0.3734646,0.12404601,1402.7371409698897,732.3213018131529,1805.4200329387531,378.5019753483761,11.426148312148813,11.517287921969958,0.01712769,0.044230457,2928.515625,1139.7259254081641,1.63002558988576,2.141803289722165,-0.014464766091159808,0.05879115529699123,0.03173828125,0.017776754186042517

9,kick,0.87885004,0.11923577,0.6406346,0.17904168,0.27402297,0.090800606,0.54982394,0.2696287,0.011154025,0.15373209,-29.069178,149.26997,0.08478879,0.10669637,891.7364834690381,498.0533087017078,1832.7990958335058,552.7312965187015,11.200281314108148,11.184431993253888,0.002787852,0.005167761,1889.53857421875,1691.5475524218662,0.18989775924318958,0.38371907756062074,-0.006838029897637255,0.022985038573749138,0.013763427734375,0.0072654271867957435

10,kick,0.8953029,0.0923457,0.8077689,0.12451868,0.28432605,0.04992036,0.57854474,0.27817592,0.10504434,2.404064,-23.930637,121.63159,0.13913669,0.12299948,969.5619164578915,589.0622689542389,1727.3806347970822,454.3148149656038,9.979609804744493,10.337900972167438,0.0071166726,0.0131850075,1946.6015625,1577.0539280893506,0.47363767513962085,1.2092133810143648,0.003388084114616023,0.013347367087233315,0.00927734375,0.0028134492755640494

11,kick,0.8292571,0.14818653,0.756401,0.1697835,0.27686524,0.08172503,0.6688858,0.21074745,0.03574845,0.8189892,-25.845226,122.41802,0.09160495,0.1014321,1263.5261494578665,739.4239299127785,1752.6857125105066,358.99949543187125,11.68834351761571,11.062859943094777,0.01795772,0.059440028,2650.9765625,1399.6561581849378,0.3005953609999171,0.6785291287649876,0.0032017809472710676,0.015533614627911625,0.030951605902777776,0.00602024113491293

12,kick,0.82931787,0.14814281,0.6988614,0.22033772,0.26064304,0.124090895,0.6469216,0.26348677,0.07201356,1.0934469,-24.29089,135.09424,0.21531074,0.12411898,576.3616023476476,475.86283382268715,1141.4211126260907,313.15855757567067,12.390090438930226,8.895243945953899,0.00077759364,0.0018268268,1044.3603515625,1107.600235880778,0.3544199893149542,0.524151875799929,0.00424178848683212,0.038888874176982655,0.00567626953125,0.0017078941137247585

13,kick,0.8527819,0.12998322,0.67235976,0.25242117,0.2763438,0.083471105,0.5774456,0.27163073,0.0055097896,0.16287312,-36.462013,166.85793,0.013918635,0.03826557,2199.0063095909613,996.6351368089787,2722.1895653251177,602.911601813073,10.915788656654552,10.152372788614224,0.046799924,0.07878661,5402.0555065524195,2201.123015929761,0.04750501702895415,0.2636596619701059,0.004228265930206257,0.03763773922950944,0.08549253402217742,0.05406328495901754

14,kick,0.7899859,0.18560873,0.6557017,0.22579971,0.26703662,0.10965755,0.61129683,0.26737228,0.023770135,0.4605366,-31.82187,154.94272,0.052312188,0.068369895,2207.504752711621,2413.8579260554093,1718.8229760711872,1087.2962850958513,11.787668540035797,10.8586888178571,0.15152013,0.22252919,3580.1290760869565,3934.236029626793,0.1610886117589345,0.43390378997909723,-0.006965187749574969,0.040499364440485,0.15622877038043478,0.20513237862140815

15,kick,0.79307365,0.17321956,0.5570472,0.25342,0.26370198,0.11745041,0.5611169,0.26016182,0.008571022,0.15460621,-31.119455,142.90971,0.038953617,0.046135608,2368.1715680643056,1779.3901695148104,2160.321537192407,562.9402128994448,11.74799162587504,12.031839253561015,0.09757272,0.18047474,4302.895720108696,2902.9028292729317,0.16197661183123624,0.35563399855967964,-0.02472677503308368,0.037143043338255355,0.12614639945652173,0.1407533223202204

16,kick,0.75591046,0.18656144,0.6563951,0.21355039,0.27851447,0.075914524,0.6081556,0.2596241,0.010843067,0.24397898,-34.464893,160.23029,0.03433618,0.0568027,3317.5270311203076,2259.0309153812095,2456.9826362552267,833.7101099409834,11.272458756053608,10.039432439521978,0.24751684,0.24258453,5883.24558423913,3525.8632561343975,0.09098353971110291,0.32101275850110056,-0.0062510829266776875,0.04130479338971233,0.2580672554347826,0.24193136228874162

17,kick,0.7677141,0.18104456,0.6692809,0.2335582,0.2761012,0.0842702,0.5709283,0.28013638,0.014005257,0.34872034,-36.041832,164.28484,0.038349472,0.07523137,3686.656268467151,2238.9950741231546,2536.385452262435,926.4537804349397,11.103291973822861,10.275251927179164,0.28291366,0.22950847,6433.74660326087,3578.3501960486847,0.05682923521117387,0.22469982844792752,0.0019256436838177861,0.010811887627553977,0.3112899116847826,0.23273711149386506

18,kick,0.7355291,0.2080084,0.6663807,0.22331159,0.27993962,0.07047806,0.53394485,0.27763832,0.033216003,0.4423108,-33.20447,156.78496,0.061011527,0.08329061,3181.8129673476865,2266.5246779252598,2391.9098866703825,905.3584628892075,11.160328627728692,10.358944858629599,0.22727384,0.23843092,5512.5,3757.533885561683,0.19213806464507285,0.5043088231261894,0.016299588806630086,0.03186834905943749,0.24000084918478262,0.22792337080773373

19,kick,0.7508421,0.17824538,0.7940514,0.1961929,0.28635743,0.036506705,0.6521164,0.282317,0.0032586528,0.090845734,-39.26523,177.80898,0.021077711,0.047023628,4271.827555903265,2064.1507889221693,2704.4759790678413,825.5834409604264,10.538162911441553,9.484853537081925,0.33546302,0.217492,7246.390964673913,3201.133660871,0.04725959749014175,0.1963571118612934,-0.0011534344249035059,0.01011840970558023,0.3839164402173913,0.21645196441188125

20,kick,0.7840901,0.178668,0.6276404,0.20327292,0.2729745,0.09390569,0.59815013,0.2711688,0.015512238,0.3080857,-31.59432,145.39307,0.054395203,0.06780368,3195.8433901687076,2034.9981921888152,2366.4029501587734,626.2133955195072,12.019330554432011,11.138081273176685,0.18877204,0.21537358,5482.540760869565,3258.2910811422926,0.1887385161248183,0.43862104207375124,0.018911499058767284,0.04553447097373412,0.22981063179347827,0.20673791365212424

21,kick,0.7426975,0.19067226,0.65124357,0.24291785,0.26792157,0.1074773,0.5563877,0.29385325,0.015786348,0.4666528,-33.636097,158.2057,0.034391854,0.06487446,3272.813945390095,2416.847497281197,2340.3300108676376,878.6303194621157,10.930475726242827,9.675657679269534,0.24201275,0.2394947,5538.71433423913,3871.8911967422,0.09285958211435612,0.38513755569549657,-0.003907269585909376,0.00864149587184176,0.2611030910326087,0.2411178881534388

22,kick,0.84621644,0.13398221,0.81127846,0.143129,0.28310865,0.056416687,0.70657307,0.24900003,0.074269265,0.7418255,-25.416819,119.26868,0.1449155,0.1424987,1457.21556867788,404.75401576044226,2135.6901646552187,259.1813468658707,10.738870072741662,11.060068251776766,0.006729913,0.006725271,3600.3515625,793.918423783607,0.5928250202531571,1.1603002434932383,-0.0016100830733814064,0.02387756934236174,0.034375,0.012416561117726372

23,kick,0.8173355,0.18918274,0.6550441,0.19476084,0.26522171,0.113977075,0.60852164,0.24685626,0.1527652,1.625864,-22.960258,124.15318,0.21754922,0.10749123,1152.289264649009,1068.8522852150634,1778.7259904651069,535.9294401304211,11.543043608995557,10.161640074005142,0.013858589,0.031092722,2153.3203125,2207.5171789449146,0.8424870162398912,1.2901102775506064,0.0023691288443934626,0.009919755575921408,0.013881138392857142,0.009968789109905047

24,kick,0.8774758,0.12546624,0.7560558,0.13815254,0.27536324,0.086651154,0.6480965,0.27421775,0.07945787,1.3787161,-25.599579,134.27466,0.16312912,0.1557773,1367.6665365794242,925.4548666837219,2027.1682114712085,498.6002870312534,11.602027402684115,10.913363978398522,0.010250264,0.02157843,2928.515625,2067.1875,0.4212380205522545,0.80113794986549,-0.0019916083633444042,0.0047087619311166964,0.021755642361111112,0.010918570255728429

25,kick,0.7331884,0.20975858,0.68845457,0.1949844,0.27278244,0.09446196,0.6708658,0.20721611,0.08219165,0.9858425,-22.108164,97.68525,0.14120471,0.08587473,2301.408407013491,725.5396229041535,2270.9572778590614,140.60265943567046,11.91148589520615,10.22446896971815,0.028680429,0.056007314,4593.75,855.807503295299,0.6832508168454708,1.0009437131125278,0.013323532742694119,0.029663609889727438,0.082275390625,0.021166208407430016

26,kick,0.8862205,0.09909066,0.9486347,0.034666013,0.28867516,2.9802322e-08,0.89548916,0.07914865,0.2233148,1.4197193,-24.109015,128.14548,0.2493097,0.0,830.8400921006199,546.0801502039948,1587.722369858887,863.5132100888667,8.017824874464504,9.46238099465042,0.0035836154,0.0027567998,1808.7890625,1341.7564472621443,1.0011157238421957,1.4917740435380649,1.3029164434443038e-05,0.0018381282930087645,0.00390625,0.0

27,kick,0.81382334,0.15662837,0.6740116,0.1984889,0.2678928,0.10754892,0.5872134,0.26713035,0.16671354,1.6691054,-22.355553,117.32103,0.18909743,0.09419614,1529.0387113633737,1130.354475172729,2255.084648777525,798.8690459879326,11.686143731978174,10.90726594445733,0.01858314,0.035897043,3359.1796875,3009.311682489563,0.7815350184944038,1.2618467846240775,0.004903729387400544,0.02677765683698864,0.026312934027777776,0.02340180618578491

28,kick,0.8510474,0.1269417,0.72748125,0.17414744,0.27594033,0.08479547,0.686332,0.1869342,0.13747264,2.0943172,-23.825119,127.25961,0.27192777,0.12232826,990.4068202564495,966.59271879068,1631.5367686372354,775.3002175342534,10.31756315836421,9.659490203898322,0.011626762,0.021733705,1826.015625,2347.7472729598535,0.4516748244170957,0.8109639746960708,0.0017591700188553298,0.005146014182670856,0.0083984375,0.00401935852094857

29,kick,0.86897784,0.1259569,0.7994341,0.14680605,0.2841972,0.05064868,0.71179605,0.2333959,0.15525156,2.1618946,-24.061953,124.50719,0.15291794,0.15908113,1120.6275372147293,607.5806261805532,1986.4143552532682,464.9800091507329,11.477088348747069,11.15191938237183,0.0052140537,0.010176883,2529.1725852272725,1763.3902691766307,0.6124091151744417,1.266474476084132,-0.0010805832125704387,0.02516074511558837,0.01171875,0.007996219608776554

30,snare,0.75729984,0.1766112,0.88809276,0.07832489,0.28867513,0.0,0.8363351,0.13283996,0.022634994,0.09380186,-28.820463,106.23979,0.12418157,0.047341928,4767.107120754576,1007.6585254707431,2796.2270118515053,332.08728145260085,11.486402702036486,10.29242124610017,0.1917145,0.08524406,8234.296875,546.3835487089675,0.49431281764737,0.7514769628561591,0.0013108866883620243,0.0063290038270941255,0.32841796875,0.0870262399323766

31,snare,0.7406109,0.21174292,0.7238234,0.18945196,0.28465256,0.0480233,0.61479187,0.26829016,0.04455298,0.19466573,-25.019356,102.7929,0.14061135,0.047119934,3830.789315865704,1766.5167958126071,2745.3742793954125,410.43527424937946,11.607380373926874,10.975242388497502,0.14624783,0.09500452,6511.640625,3214.7738131252195,0.72403930634776,1.0145955082082656,-0.000635559176315421,0.013107563824607827,0.25517578125,0.07417479166966552

32,snare,0.44619605,0.28515047,0.8362957,0.1285441,0.2864784,0.035545096,0.6333736,0.26787224,0.0063935365,0.044082187,-32.527103,131.03188,0.053576022,0.06291531,6909.999105742622,712.1352094090447,2877.3799721437754,325.4511601195751,10.563998668460084,9.340654551692587,0.17457964,0.044553977,9856.0546875,446.0343142596434,0.09757056313352121,0.3227094420594099,-0.0006970037820870414,0.008395579695531874,0.6309291294642857,0.14095181918247068

33,snare,0.648059,0.22940448,0.70898265,0.17095912,0.28402588,0.051600788,0.6478367,0.17727228,0.0535991,0.46139887,-28.316084,115.05954,0.1261407,0.06281174,5066.210084514671,2013.5575839868325,2596.3233392381703,523.6538326928246,10.652411106121976,9.271520208196746,0.097893454,0.05673817,8082.12890625,2050.622308293895,0.3566938394645422,0.75563057962714,0.008570648609345699,0.02190214317576948,0.3589680989583333,0.12442757083865982

34,snare,0.69648004,0.19329056,0.5057529,0.26450175,0.2504455,0.14356317,0.6344786,0.24683988,0.0011192296,0.015642785,-42.950424,185.67224,0.010140105,0.022276228,5323.906577051232,914.9077799076317,2985.953180726137,230.99172992095046,10.512701513944524,10.150927828699663,0.38713226,0.13412312,8827.308238636364,852.7032992177552,0.039407849415039706,0.16317299676433825,0.003039604009404058,0.06376160924831928,0.4945401278409091,0.09649683541216776

35,snare,0.72118396,0.1725765,0.51167476,0.2962748,0.2450328,0.15261802,0.6104437,0.26668444,0.0028026009,0.051349796,-42.11771,183.36794,0.0055355555,0.016514154,5267.497415654521,924.7133081348493,3023.430407206059,290.0713575033457,10.447419123896761,9.800794191997873,0.44456255,0.13958684,8751.615767045454,1329.7967995969982,0.03550210247506281,0.23952452688803935,-0.004528676960590208,0.05593092765573399,0.4850852272727273,0.13032944608420235

36,snare,0.65639234,0.2026888,0.57442,0.30706987,0.25086412,0.14283039,0.4668212,0.32554787,0.0006952288,0.013255918,-39.218334,173.26828,0.010075558,0.017352803,5482.883818837108,667.1097335189173,2863.7284406386034,287.52597136785624,11.618800635116939,10.076205412387889,0.2628725,0.17530607,8717.68465909091,551.2163842410516,0.03381802386639039,0.10767181877859466,0.02525205088310981,0.04424374954002201,0.46784741950757575,0.08709816759832911

37,snare,0.6858074,0.21046238,0.5585097,0.30909103,0.24818291,0.14744005,0.5014949,0.31609455,0.00011561572,0.0024526827,-42.14197,186.30475,0.00805539,0.014401706,5315.606203906631,823.8121552884801,2860.13416118083,265.56313759511846,11.493553873772868,10.373127744262295,0.2727292,0.18812847,8443.625710227272,1349.1893846221963,0.02013046199830137,0.05369564856239144,0.01645271775147671,0.06030507170042343,0.45276988636363635,0.10591193509013086

38,snare,0.6802163,0.19573568,0.5414716,0.30642068,0.24495809,0.15273792,0.67562294,0.24457702,0.0014555205,0.010220907,-44.700085,194.28554,0.013078171,0.027605731,5075.877358058538,1071.3546562698689,3002.408964518303,170.07490290569103,10.149002129411262,9.897787020829501,0.40496537,0.14607838,8563.689630681818,1229.3141212332844,0.07058047503123552,0.24986690395685626,0.0011855899449744398,0.06404655539789703,0.4652728456439394,0.13419404148032113

39,snare,0.6689011,0.20047945,0.61203784,0.321154,0.25463662,0.13599089,0.6597029,0.23501033,0.00086211687,0.006797921,-46.211994,200.20454,0.00907507,0.020651184,5041.618675321591,1070.678415200894,3018.5625509188967,193.01534832989944,10.778015542082787,10.07127230860394,0.40841466,0.14887886,8574.12997159091,1236.073093903987,0.048952828152853546,0.1876356064059331,0.005849112282217188,0.054853549133816806,0.4710878314393939,0.12771466290610736

40,snare,0.55193466,0.27183917,0.6856506,0.1693009,0.27930337,0.072958626,0.64396673,0.19607729,0.020785334,0.10089084,-29.772196,104.26678,0.1011176,0.070373975,2061.500280230883,210.07979034180477,1881.8173534904688,147.2284059192913,11.000118035847109,10.362329643199747,0.027648985,0.017082699,3631.93359375,411.3286466676713,0.4458851054924946,0.6961547156370504,0.006405549570955609,0.03161692593819222,0.095947265625,0.026843258943162942

41,snare,0.535186,0.2369973,0.64425325,0.17778325,0.27745673,0.07969373,0.6535948,0.19566433,0.022449352,0.14862604,-29.989223,107.18017,0.058229335,0.054270595,3188.967973183901,393.904612646259,2270.8239124132474,309.73363643026556,12.681807946324785,12.027072007793604,0.0991669,0.07887599,5625.135216346154,820.1841037645081,0.4232020062882601,0.9459946128884014,0.00253231207039445,0.030316691401951357,0.21829927884615385,0.05130456161406242

42,snare,0.44904858,0.27387187,0.6306027,0.19922203,0.27758852,0.07923348,0.6428714,0.20652582,0.06469036,0.2694693,-29.177042,96.121506,0.10703831,0.062163666,3197.8153718449744,566.0957836871855,2336.631853118593,295.2421548750426,11.545403990442129,10.718318511876806,0.11555922,0.12197037,5699.12109375,1224.5980557005278,0.8511357151129478,1.4329073839092086,0.0027405007176440573,0.04138100741414275,0.17146809895833334,0.040779930148603004

43,snare,0.521243,0.29020983,0.5466447,0.21932998,0.2754556,0.08635704,0.5708993,0.23937836,0.06679181,0.3163156,-27.920649,93.238235,0.14747345,0.090591006,2115.458588106967,559.7634305704166,1706.7525447155908,363.80112580225,12.388631138077061,10.966278911925558,0.030363891,0.060968462,3628.3447265625,1191.8875938254262,0.9180052529967084,1.3123170174607994,-0.011401059622502574,0.053895370053485825,0.117401123046875,0.028092073001179482

44,snare,0.39037457,0.30211675,0.6159605,0.22249095,0.27898297,0.07417435,0.5824442,0.22647668,0.021512846,0.09179042,-31.610146,112.19097,0.07827407,0.04731981,3552.2840140771527,561.865869141003,2378.2503177849817,254.59910232549078,11.437194033814672,9.8092994114732,0.111595504,0.09229738,6158.49609375,1306.0321133332593,0.48893132729519345,0.8418533327483324,-0.014530689642284276,0.051031700934331466,0.19181315104166666,0.05369200710038911

45,snare,0.5806804,0.24071053,0.7231516,0.16803576,0.28472164,0.04761207,0.7116151,0.1724525,0.1289826,0.45582536,-27.125631,85.59806,0.19920337,0.1344125,3058.196205095063,1015.8439833706069,2325.9994490019553,438.9857825523989,10.90224347466007,10.979925688340396,0.10405491,0.10718422,5718.26171875,1711.8892304468611,1.2530858610763067,1.8512168178291417,-0.01406172583044941,0.03670035817915149,0.17732747395833334,0.04685980939209739

46,snare,0.711351,0.19071728,0.5996916,0.18248321,0.27781984,0.0784185,0.6180965,0.20428036,0.2599825,1.1599176,-23.23623,66.42611,0.25632644,0.1747206,3160.8379363956756,438.4085595664313,2745.9289531568547,250.3424455811008,11.422939359902385,10.299825256217307,0.1318485,0.05356983,6463.2737379807695,1066.8709232816022,1.8114803758428542,2.548485792052625,-0.02880442533899114,0.03913547102164508,0.1866173377403846,0.03896496123826708

47,snare,0.83558536,0.13032015,0.5003499,0.23622042,0.26450527,0.11563001,0.48214647,0.25678682,0.0529911,0.5409069,-24.79632,98.79968,0.09255554,0.0874156,3087.3848799504744,626.4343187933404,2978.619574579978,227.1589105266473,11.593462716357362,11.035539768293562,0.07421702,0.058956996,6748.75919117647,923.4074477396107,0.4893295728923634,0.896032336690121,-0.010229864644975903,0.0491589995412278,0.12612017463235295,0.04099091788075931

48,snare,0.57927305,0.2862195,0.65120244,0.19965963,0.28394192,0.052060563,0.73841435,0.17003271,0.061383054,0.33185694,-25.443897,81.84694,0.15570101,0.0,2614.0567723281874,206.82664165097216,2249.8961258381405,179.83724384102487,9.146508881951897,9.659979388977497,0.070831396,0.037477806,4823.4375,427.7833340987201,0.8530285714562753,1.103837618385395,-0.005107868801269674,0.04381512262540898,0.07470703125,0.0

49,snare,0.7851994,0.15692332,0.51271164,0.23616138,0.2640366,0.116696216,0.5683366,0.24822572,0.028428016,0.2242722,-28.120909,110.08832,0.07357116,0.07805175,2655.58825040508,475.7099078970926,2605.0648152175663,242.09462648467007,11.815047656012778,10.812241190204093,0.07069932,0.045378737,5567.87109375,803.1342205305,0.3815838759130811,0.7415262705528451,0.004934077474381629,0.04996901507198383,0.13480050223214285,0.05499414050042518

50,snare,0.80676204,0.15523896,0.45638153,0.26512548,0.23406792,0.16895428,0.5064837,0.27348942,0.0493161,0.7046184,-26.625166,118.08898,0.06472665,0.08715872,2422.636316261202,374.7178092045423,2510.2608937251566,194.3544327675692,11.794608202434953,10.916384839483968,0.039835785,0.033419654,5212.907608695652,605.2628312646297,0.36574014281926004,0.8496020115212038,-0.015569202145403494,0.054471313534069865,0.09366508152173914,0.024203256056360832

51,snare,0.70843625,0.20534958,0.45530114,0.2410736,0.25552234,0.13431929,0.43612304,0.28189936,0.018786907,0.21157348,-31.885548,129.27795,0.05103574,0.07184559,2471.717778299969,361.1290800592293,2666.48182158843,280.18132225132786,11.177739231015302,10.511372242343116,0.040003404,0.031600032,5576.163383152174,926.7107472798775,0.2585641754250657,0.6606180108584417,0.01402537726642969,0.08363543873328236,0.07702105978260869,0.026189366714694965

52,snare,0.8078821,0.15776317,0.36754966,0.27678394,0.2211754,0.1855122,0.4570446,0.30317152,0.13995491,1.5906588,-23.958273,104.703896,0.16731858,0.13209791,2682.197091160942,574.3891016518672,2508.936924774926,297.91556724631823,11.713126225454925,10.417371471561397,0.04273431,0.035124592,5445.5078125,1030.2209146860885,0.6380674453499514,1.1964003257756044,-0.05642184857148621,0.061669813739107904,0.10221354166666667,0.054435026085115024

53,snare,0.658346,0.20982003,0.695576,0.23060918,0.28038484,0.06868532,0.6529945,0.26470017,0.004395141,0.02011817,-40.90395,169.32567,0.03500682,0.047190517,4716.354635861281,1026.4021231809165,2723.3028566642847,433.81411715862254,11.04663039567901,11.031228466913902,0.30718607,0.18968047,7793.147078804348,1645.4414915082075,0.1991583976186946,0.4737403365802615,-0.010202540214623546,0.028887062159474047,0.42202360733695654,0.12363873810344451

54,snare,0.4881933,0.26065823,0.4950804,0.23539351,0.25802097,0.12945472,0.5408208,0.25838217,0.046156693,0.18963374,-28.320972,78.15826,0.13861607,0.00032332953,4392.192863082465,370.62710766437016,2590.600330191604,55.45993026067567,11.97109393223773,10.215088444910347,0.1927569,0.07810885,7177.734375,266.2542810230212,0.8511069119176176,1.0830353242383142,0.0019015154133931436,0.053544328465738936,0.20133463541666666,0.023938510821419578

55,snare,0.6045891,0.24503766,0.7476479,0.1456234,0.28546447,0.04293451,0.70953673,0.17731465,0.016743898,0.09295615,-30.62241,103.19128,0.056482323,0.059846647,2740.7619684173264,281.24685077696967,2100.820735654684,197.16907296910622,12.285647924806943,12.979670040541592,0.06477421,0.051959857,5077.05078125,610.0464315409641,0.42848717264607805,0.8382661160879964,0.000767055607699313,0.028521971244490657,0.18638780381944445,0.03113569145789928

56,snare,0.6662666,0.22971086,0.7840374,0.11648485,0.28632122,0.036789488,0.73180944,0.15742166,0.03478031,0.25825122,-28.847271,95.62241,0.09141297,0.06794739,3602.6347980947194,999.6887696843411,2283.609021551176,299.3746121469706,10.673056919685932,11.165872909673334,0.15239416,0.058940314,5919.673295454545,1839.6935351177528,0.620933706293357,1.0989860774729974,-0.0054426763955474815,0.0146805038074158,0.28382457386363635,0.06933377768432152

57,snare,0.73490816,0.18969683,0.5123194,0.2292263,0.27045152,0.10094213,0.54721415,0.24719138,0.07859592,0.6309783,-26.746717,98.80235,0.10540109,0.111044765,2628.8867361454213,488.7733701175939,2584.0848717577574,164.89544826867225,12.355919071032755,11.066739319653504,0.057162225,0.041053973,5684.765625,725.4672666766186,0.6971723875406877,1.4267708148751237,0.0015005739244339114,0.07518115421354546,0.10894416360294118,0.04651424708972563

58,snare,0.779643,0.17368858,0.47957265,0.31883755,0.2811713,0.065391414,0.33110836,0.3173665,0.22911038,2.3426049,-21.57739,92.67449,0.21753706,0.14554122,2973.545270364412,544.8674407762154,2900.2570695240333,116.44764869301996,13.32046606147284,12.266179480537978,0.025254253,0.030472908,6250.78125,806.4969416523111,0.8799490455570289,1.2919559505868106,-0.0028832833505384415,0.01759243203664068,0.06113978794642857,0.020586698044080413

59,snare,0.57485163,0.23149355,0.64394087,0.16562758,0.27988178,0.07070737,0.65190786,0.19785602,0.028948989,0.10809474,-26.556286,85.96702,0.10752418,0.06373821,3457.8071421700974,177.8641230815689,2169.3568087126255,176.99548739509876,12.63372377187308,11.92586353329972,0.09835987,0.03329177,5602.939453125,426.7487550660329,0.7620156014526162,1.0285041890014133,-0.00926440596949818,0.03479996306249307,0.2759521484375,0.048017260100618984

60,hi-hat,0.58904946,0.26403025,0.679202,0.2207426,0.28307116,0.05660444,0.67516595,0.22785467,0.00039396557,0.003037306,-48.30441,199.25497,0.009008453,0.018226504,5252.415917029234,545.8844961562407,2789.6999724008406,472.8987658987869,11.009954390548742,9.968704135006282,0.3519666,0.17329022,8490.607244318182,1197.0705673038437,0.03813190072582965,0.12147848878041616,0.005586747705083435,0.036422037134200766,0.46923828125,0.10670969044822384

61,hi-hat,0.48377138,0.2879773,0.57605934,0.25341618,0.26375163,0.11733889,0.5666268,0.27337542,0.00069191767,0.0037581897,-45.06269,160.54,0.017804587,0.02129907,4771.865123129406,550.1781184088051,2282.132107973253,395.2748395375644,11.477516484629119,10.796530020925601,0.17543201,0.14815077,7304.0625,1093.9154119211535,0.07493436892068472,0.14559740923230186,0.0009634163375170182,0.04919043661660026,0.39405799278846154,0.0687209791930614

62,hi-hat,0.6468876,0.21982272,0.45587164,0.30600926,0.23490989,0.16778164,0.62422866,0.2557598,0.00012861032,0.0008764159,-48.420597,200.98611,0.0069633485,0.011815078,5807.237235577072,354.79895894219914,2680.208377428601,433.6654284976181,11.268801639642074,10.734234115268217,0.32363757,0.15407085,8923.759992732557,273.0967330129008,0.015821815394774355,0.04288636992634524,0.04501967896955337,0.10207373510045739,0.5313635537790697,0.05356672024077444

63,hi-hat,0.4849719,0.3085015,0.85546845,0.11262417,0.28585705,0.040237863,0.87412053,0.09477693,0.00015695207,0.00084353535,-47.50752,192.59795,0.022265594,0.0067606573,7113.487942593217,939.2788827092227,2130.6703047753444,369.8596213830813,10.971640336393445,10.73832124513811,0.16373225,0.20176345,9474.609375,399.3814215345318,-0.005371251515498018,0.010538532935192963,-0.0025618726685571395,0.016775019832638873,0.4822998046875,0.09680375894447976

64,hi-hat,0.5810744,0.22344889,0.7578315,0.16310291,0.28506565,0.04550724,0.63555735,0.19249006,0.007229327,0.017566381,-34.21531,127.35086,0.07848995,0.029406974,5764.447905708735,258.1942212515126,3038.0107485497024,136.67715928222498,11.296417064703943,11.182134126836996,0.35358983,0.09579352,9151.611328125,71.41755530013337,0.21305187201369005,0.34641826197689646,0.00233623445766467,0.026613924178172564,0.3511962890625,0.06972801142878086

65,hi-hat,0.56770253,0.24827819,0.63018024,0.22625968,0.27222362,0.096060574,0.645913,0.22356866,0.019665504,0.042344484,-30.581179,86.36853,0.14973502,0.057279564,6045.409859941223,163.54810689633413,2800.3845085345642,109.77804277214237,12.342743065765333,10.590520261379114,0.27726308,0.055351075,9268.84765625,211.25259036671127,0.4106121754879038,0.4887944530892284,0.00973521080991909,0.037750437466138057,0.5189887152777778,0.07537773674657892

66,hi-hat,0.61076653,0.23544247,0.7756912,0.12109992,0.28671557,0.03357852,0.77025425,0.14888597,0.019356653,0.05916591,-28.12287,89.25735,0.15580282,0.05474047,5572.259050006108,209.81393899447693,2755.085321547542,122.02155600143455,11.714329542380636,11.201452324078385,0.3027451,0.04751756,8828.61328125,347.2124674804356,0.4734795602433873,0.6608254931180945,0.002940130694432916,0.019640325858840825,0.40576171875,0.09735508574668204

67,hi-hat,0.5386418,0.2734781,0.72130466,0.16667037,0.2824334,0.05970523,0.7386701,0.17621697,0.0047467942,0.016520083,-33.840343,112.451004,0.059737887,0.047925573,5101.962113278167,1115.8901724486616,2828.2156626720885,122.63424859204142,10.814657997139749,9.96156057790736,0.2547532,0.09568199,8405.126953125,1433.302077887808,0.1909482068452296,0.3203053509101062,-0.010576555584947427,0.033571276635140875,0.425537109375,0.10954190190172579

68,hi-hat,0.48427096,0.2542228,0.65794736,0.18679976,0.2796284,0.07170281,0.6771959,0.17683737,0.009416424,0.03303172,-31.64323,102.432396,0.07553407,0.06086381,5227.788028368676,281.5801147031054,2951.748438800352,151.98432999589622,12.463088105407879,10.02953224377155,0.28677526,0.04474701,8905.38383152174,373.06471112682146,0.30108818247251884,0.49575615666945044,-0.00867959232213133,0.042560353708989807,0.43539826766304346,0.07198571758676017

69,hi-hat,0.47411954,0.27315474,0.5288517,0.24430941,0.25223288,0.14039911,0.55656946,0.2433364,0.02172612,0.10045132,-29.462109,84.12679,0.1211964,0.064854555,4467.565289641521,403.7865758937067,2391.6397968413353,244.33369066323414,12.108431306144409,11.177214670543547,0.15990557,0.06677921,7120.936650815217,909.9598745325236,0.5971266677496231,0.7416312082854297,-0.010403250301614368,0.04622597383510529,0.3548000169836957,0.047435817729939

70,hi-hat,0.54680616,0.24942857,0.62272006,0.20522684,0.27880365,0.07484561,0.6401831,0.21802564,0.0065542366,0.03349347,-34.126453,118.11303,0.05407631,0.06643592,5021.192560425582,451.7080179556269,2647.2988727958764,169.52511601399115,11.869936732029016,10.703918245510614,0.24326609,0.05078659,8374.125249335106,454.06385747068543,0.2244518675710017,0.4495660928024084,-0.0043210190311069145,0.04491027540762243,0.41732463430851063,0.05907109232375368

71,hi-hat,0.56528956,0.20240654,0.703983,0.1898353,0.27083325,0.099913344,0.7269651,0.17192149,0.010628194,0.02170919,-31.395336,90.51497,0.10429171,0.0,6513.017421972982,349.8066581393705,3081.8144243885563,147.63638834494736,9.260297454421936,7.276016835369948,0.272318,0.04587228,9776.07421875,129.19921875,0.16404781704027224,0.16498007291519978,-0.003175192992802807,0.02726420381186103,0.2353515625,0.0

72,hi-hat,0.55310494,0.24969132,0.7020251,0.17059143,0.2824458,0.059646495,0.669582,0.19717081,0.009841947,0.036068372,-31.290909,99.761246,0.085177936,0.062284753,5909.393468640222,221.55522366295565,2653.6752462013524,135.87185438843596,12.499718244244336,10.13907542246526,0.25446373,0.048083626,8751.09375,188.1826197188726,0.26611028830503997,0.4454357299518544,-0.012040708291972438,0.03140574068954838,0.5030924479166666,0.09181257253490631

73,hi-hat,0.5029459,0.25065184,0.60428965,0.21535844,0.27311718,0.09348984,0.6140432,0.22459699,0.009706228,0.029595712,-32.12573,103.14588,0.08342225,0.066877425,5727.933116249799,197.92733844741554,2591.9636697604938,123.61412095203855,12.02744656462659,9.923966131143576,0.25727275,0.06365909,8561.6015625,168.78515258865338,0.28054355207814025,0.4536449628872688,-0.0022908444071078364,0.05019381218828069,0.5083658854166667,0.07571611084613336

74,hi-hat,0.6053618,0.2129083,0.74389917,0.14393982,0.28620958,0.037648458,0.72537494,0.18010834,1.6679993e-05,5.760846e-05,-42.223183,166.15677,0.0030469773,0.0017287227,6056.2333436272675,432.24446563548975,3289.668700125885,111.53599369094056,10.592925887570951,9.887948345201139,0.1811232,0.06743023,9517.67578125,257.1993663548663,0.006423585943998737,0.008710449299077928,0.00024336393557382763,0.021708545179820064,0.3916015625,0.10870482986514786

75,hi-hat,0.78110194,0.16778009,0.5711889,0.22004206,0.26085094,0.123653255,0.517954,0.28287992,0.017474571,0.0973752,-28.502522,116.160164,0.08915262,0.03493114,3047.9982216246326,943.4094969391844,3277.0598352529823,302.65759730684084,8.821280662233669,9.243926708637211,0.06022459,0.048819836,7124.4140625,1528.1609466630962,0.376944846265585,0.5225057571147879,0.0017265412071461668,0.014846881649852523,0.13344029017857142,0.062311550111667405

76,hi-hat,0.6076712,0.291555,0.63623536,0.19609813,0.28417742,0.050759453,0.62373316,0.23121053,0.010371768,0.07042676,-33.47602,131.97697,0.07888225,0.047945477,4246.988268568949,1285.589789669392,2785.158434017369,291.9002260499352,11.438278440274777,13.61445540513252,0.14947401,0.08985754,7536.62109375,1812.7154649720546,0.25599454931029114,0.5764474810331658,-0.0014464429255615938,0.0242994844220007,0.288818359375,0.0871116877364301

77,hi-hat,0.51017296,0.28046015,0.5612475,0.22827981,0.26312426,0.118739024,0.60752577,0.22145213,0.0143834,0.048205666,-32.992817,117.12018,0.11070536,0.04910846,4847.771926451353,450.1253055329491,2613.3690780319926,408.2681396454875,10.89339427349932,10.414442384882596,0.17047127,0.045396876,8145.703125,311.7727132567013,0.4238666454006751,0.669724763039111,0.006500278761274543,0.05418574530367166,0.34409877232142855,0.0938747898937986

78,hi-hat,0.5618042,0.24642146,0.69105023,0.17079923,0.28398713,0.051813513,0.67783815,0.19568866,0.0075525334,0.024511639,-34.875057,112.966324,0.090636745,0.068046786,6503.005146325857,756.9492283814598,2750.5169236876586,174.98138797874216,11.70862482712949,9.663787440714676,0.24024083,0.06318074,9544.3359375,485.5113623376742,0.0987150404297589,0.1556493973847424,0.005478934899789937,0.035854759739795176,0.5901460193452381,0.10228325120308418

79,hi-hat,0.5739547,0.24761349,0.4348322,0.26074257,0.24021335,0.16009645,0.46567395,0.2824607,0.00020137757,0.0012998591,-38.918938,136.21684,0.010703024,0.008216536,5884.448024890313,487.9186996368346,3176.4174365672693,153.9329460804429,12.410120510751947,10.052276543555717,0.23600572,0.060107965,9415.882457386364,319.53296145627314,0.024397837945104316,0.029692753617094985,-0.0072935109908749745,0.05537612137560868,0.4894686612215909,0.07918587060464885

80,hi-hat,0.7279315,0.31381103,0.75424105,0.19373769,0.27750242,0.07953452,0.53235173,0.30723974,0.0032475193,0.023623183,-36.991653,176.89955,0.035627536,0.054995894,3733.051320070266,2224.3601789922877,2867.370937360924,475.1811987136298,10.95343173036796,10.049745851363523,0.057988245,0.076724924,6921.38671875,2801.7492433126404,0.04790443405998041,0.17496942602358007,-0.0021339639250145498,0.025751972382076438,0.17857142857142858,0.17110612266594238

81,hi-hat,0.785987,0.23168938,0.6058978,0.2699208,0.2662462,0.111563034,0.46478593,0.26682425,0.0035975806,0.03547308,-37.221577,171.29222,0.02052345,0.040155765,3909.59173989193,1472.9386900142645,3342.751851735573,247.42735189375054,11.27417138088805,10.55487201828866,0.07429863,0.07647774,8088.28125,1110.0316471021713,0.04659147108811157,0.19345831734358426,0.01862541012879447,0.04205792989842888,0.18210565476190477,0.1838804887885825

82,hi-hat,0.8509368,0.15763472,0.59396136,0.26123574,0.2506456,0.14321348,0.51706135,0.27996466,0.0020212394,0.014442505,-37.78065,171.03639,0.01517505,0.02749886,3498.1958272803868,1361.3228079638911,3353.3303987497648,251.33967903052678,10.379257336775183,10.3490041252653,0.08705653,0.12253188,7941.4453125,1189.631034647378,0.04815213500291599,0.18421065493029723,0.007445585374548992,0.024884901829380177,0.100146484375,0.14462111694873184

83,hi-hat,0.7471605,0.282887,0.73919,0.19354048,0.2762822,0.08367478,0.54659194,0.30571526,0.0034378276,0.021813061,-37.848717,177.60681,0.03209145,0.051806457,3723.0838503582168,2123.502418979961,2921.531321466119,436.5822492080781,10.761236996829343,10.33281247213006,0.10883927,0.15789269,6850.4296875,2835.303565832908,0.06502033870244459,0.25309824922985363,-0.0016261581332098413,0.02421352772358619,0.17555338541666668,0.1676133165060922

84,hi-hat,0.76801413,0.18595017,0.7053394,0.21391253,0.26661134,0.11068752,0.5167278,0.2765041,0.016754938,0.18127456,-33.548374,142.9916,0.045028433,0.054589916,4445.254773608967,871.4866458888838,3551.070360596757,173.15714721738277,10.675676496633633,9.57554033822191,0.14579983,0.05992458,8871.6796875,542.4771900919148,0.14817642834812947,0.4369776999620033,-0.0031233859672722556,0.02353996363615947,0.2949625651041667,0.1101409718144288

85,hi-hat,0.91424334,0.116147965,0.49679404,0.24847579,0.26531363,0.11376296,0.48024774,0.2726165,0.004675113,0.047300134,-33.200188,170.20064,0.02791927,0.041639186,1399.679213885845,1423.0402181489621,2089.893589265786,829.4740652980694,10.721529094226536,10.021175756700792,0.035880037,0.085121244,2842.3828125,3165.479950195327,0.13550605804842855,0.4117395162992126,0.01594400973934198,0.0677109324538103,0.04167624080882353,0.0785123206325901

86,hi-hat,0.6954941,0.2237808,0.67563516,0.19071046,0.27601755,0.08454385,0.5402407,0.27234313,0.003952783,0.024936277,-37.304066,157.54968,0.024643831,0.03181502,4964.456045173975,1132.6619999360187,3459.3035666480396,253.65289890717997,11.042605876593969,10.590562431402171,0.16836566,0.100327745,9036.115056818182,688.5284119466228,0.07548808424788968,0.26153197259998634,-0.007815130186100716,0.020070140110137306,0.3196466619318182,0.1522804641310908

87,hi-hat,0.72972554,0.28747806,0.55624807,0.3015388,0.23410961,0.16889648,0.48997533,0.27727446,0.008175385,0.10977774,-33.554527,158.18175,0.042456638,0.07032996,2889.88424093341,1543.8132447957616,2416.2972448393093,530.0946561205773,12.264754377644852,13.133124381944496,0.029170401,0.05158566,5182.32421875,2377.6834225823823,0.1663057590827588,0.49882595214618447,0.0016739238024807788,0.03711412712311372,0.14363606770833334,0.14371249405303455

88,hi-hat,0.7594215,0.2733415,0.77143157,0.18230298,0.27643305,0.08317508,0.5740434,0.29978207,0.003770907,0.022997675,-36.73253,168.50102,0.037783757,0.054910187,3413.591303197825,1823.929694909457,2991.325773179502,360.68643141456977,10.631653501444806,10.859000276715092,0.10291403,0.11034875,6811.117788461538,2338.5461955055694,0.08589122380443358,0.219754484103695,0.006892230532837267,0.02943520770126215,0.16259765625,0.16122054266010813

89,hi-hat,0.48228347,0.3892446,0.6772464,0.18038657,0.28227332,0.060457505,0.56535316,0.24018987,0.01442161,0.09891103,-31.986526,134.15157,0.11263265,0.10944788,5016.609475436926,1879.991492810325,2337.3373587672218,594.9303965800136,11.956868987741021,12.145783697978121,0.065257,0.05669518,7651.46484375,1003.7542490792035,0.1943751036811349,0.3464588467892134,-0.005951872853964169,0.043722995985135064,0.3902587890625,0.25008129745102997